Player Name,Team,Pos,Games,G,A,Pts,PIM,SOG,Hits,BS
Justin Abdelkader,DET,LW,71,6,13,19,38,95,185,34
Pontus Aberg,TOR,LW,59,12,13,25,20,101,45,11
Vitali Abramov,OTT,RW,1,0,0,0,0,0,0,1
Noel Acciari,FLA,C,72,6,8,14,47,99,221,36
Kenny Agostino,TOR,LW,63,6,18,24,34,79,143,14
Andrew Agozzino,PIT,LW,11,1,1,2,0,11,14,3
Sebastian Aho,CAR,LW,82,30,53,83,26,243,65,34
Mark Alt,COL,D,2,0,0,0,0,2,0,2
Karl Alzner,MON,D,9,0,1,1,2,8,13,10
Michael Amadio,LA,C,43,6,7,13,6,37,16,13
Joey Anderson,NJ,RW,34,4,3,7,6,49,42,11
Josh Anderson,CLS,RW,82,27,20,47,60,230,214,40
Jaret Anderson-Dolan,LA,C,5,0,1,1,0,6,5,2
Lias Andersson,NYR,LW,42,2,4,6,29,41,60,8
Rasmus Andersson,CGY,D,79,2,17,19,23,115,52,83
Sven Andrighetto,FA,RW,64,7,10,17,14,95,29,32
Artem Anisimov,OTT,C,78,15,22,37,14,142,25,33
Mason Appleton,WPG,C,36,3,7,10,4,29,28,12
Darren Archibald,FA,LW,12,1,1,2,12,10,10,4
Josh Archibald,EDM,RW,68,12,10,22,15,92,161,39
Joel Armia,MON,RW,57,13,10,23,14,134,113,21
Viktor Arvidsson,NSH,LW,58,34,14,48,26,195,18,23
Zach Aston-Reese,PIT,C,43,8,9,17,26,76,138,37
Andreas Athanasiou,DET,C,76,30,24,54,38,216,33,26
Cam Atkinson,CLS,RW,80,41,28,69,20,295,27,25
Nicolas Aube-Kubel,PHI,C,9,0,0,0,0,2,14,0
David Backes,BOS,RW,70,7,13,20,31,129,140,30
Mikael Backlund,CGY,C,77,21,26,47,52,205,52,26
Nicklas Backstrom,WAS,C,80,22,52,74,30,169,54,30
Sven Baertschi,VAN,LW,26,9,5,14,6,43,18,13
Josh Bailey,NYI,LW,82,16,40,56,21,126,19,32
Justin Bailey,VAN,RW,11,0,1,1,2,5,9,5
Rudolfs Balcers,OTT,LW,36,5,9,14,10,48,18,24
Ivan Barbashev,STL,LW,80,14,12,26,17,60,86,31
Mark Barberio,COL,D,12,1,0,1,4,11,13,14
Aleksander Barkov,FLA,C,82,35,61,96,8,206,28,61
Tyson Barrie,TOR,D,78,14,45,59,36,218,48,93
Matt Bartkowski,MIN,D,2,1,0,1,0,2,1,1
Mathew Barzal,NYI,C,82,18,44,62,46,179,25,56
Nathan Bastian,NJ,RW,7,3,0,3,10,13,24,1
Drake Batherson,OTT,RW,20,3,6,9,6,18,17,21
Gavin Bayreuther,DAL,D,19,2,3,5,10,25,11,19
Jay Beagle,VAN,C,57,3,10,13,18,45,102,33
Jake Bean,CAR,D,2,0,0,0,2,1,1,0
Nathan Beaulieu,WPG,D,48,3,9,12,39,60,60,42
Anthony Beauvillier,NYI,LW,81,18,10,28,8,156,87,35
Matt Beleskey,NYR,LW,4,1,0,1,5,3,7,1
Pierre-Edouard Bellemare,COL,C,76,6,9,15,6,108,71,51
Louis Belpedio,MIN,D,2,0,0,0,0,0,1,4
Jamie Benn,DAL,C,78,27,26,53,56,189,142,71
Jordie Benn,VAN,D,81,5,17,22,39,93,124,128
Sam Bennett,CGY,LW,71,13,14,27,93,115,121,27
Matt Benning,EDM,D,70,5,12,17,33,94,109,59
Patrice Bergeron,BOS,C,65,32,47,79,30,205,43,60
Patrik Berglund,FA,C,23,2,2,4,6,25,25,16
Tyler Bertuzzi,DET,LW,73,21,26,47,36,131,76,39
Alex Biega,VAN,D,41,2,14,16,22,91,101,43
Clark Bishop,CAR,C,20,1,2,3,6,16,39,5
Anthony Bitetto,WPG,D,36,0,3,3,12,30,80,36
Anders Bjork,BOS,C,20,1,2,3,2,18,9,12
Oliver Bjorkstrand,CLS,RW,77,23,13,36,8,161,43,34
Nick Bjugstad,PIT,C,64,14,12,26,30,154,126,27
Colin Blackwell,NSH,C,6,0,0,0,2,5,10,3
Samuel Blais,STL,LW,32,2,2,4,6,27,93,12
Joseph Blandisi,PIT,C,9,0,0,0,6,8,10,1
Anton Blidh,BOS,LW,1,0,0,0,0,0,6,1
Teddy Blueger,PIT,C,28,6,4,10,15,33,52,14
Mikkel Boedker,OTT,LW,71,7,28,35,6,88,54,28
Brock Boeser,VAN,RW,69,26,30,56,22,209,14,22
Zach Bogosian,BUF,D,65,3,16,19,52,93,83,116
Nick Bonino,NSH,C,81,17,18,35,18,118,24,70
Will Borgen,BUF,D,4,0,0,0,0,2,12,3
Henrik Borgstrom,FLA,C,50,8,10,18,4,54,11,12
Mark Borowiecki,OTT,D,53,1,4,5,89,59,212,93
Robert Bortuzzo,STL,D,59,2,8,10,47,75,95,72
Evan Bouchard,EDM,D,7,1,0,1,2,10,6,8
Reid Boucher,VAN,RW,1,0,0,0,0,0,1,0
Gabriel Bourque,WPG,LW,55,2,6,8,10,34,100,48
Jay Bouwmeester,STL,D,78,3,14,17,40,82,61,127
Madison Bowey,DET,D,50,2,8,10,46,48,72,63
Johnny Boychuk,NYI,D,74,3,16,19,25,157,144,120
Travis Boyd,WAS,C,53,5,15,20,6,35,13,21
Brian Boyle,FA,C,73,18,6,24,38,123,145,50
Tyler Bozak,STL,C,72,13,25,38,20,141,52,33
Erik Brannstrom,OTT,D,2,0,0,0,0,0,1,1
Derick Brassard,NYI,C,70,14,9,23,39,110,102,15
Jesper Bratt,NJ,LW,51,8,25,33,6,91,36,22
Justin Braun,PHI,D,78,2,14,16,35,105,121,120
Connor Brickley,FA,C,14,1,3,4,9,18,35,6
Daniel Brickley,LA,D,4,0,1,1,0,2,5,4
Guillaume Brisebois,VAN,D,8,0,0,0,0,5,3,7
T.J. Brodie,CGY,D,79,9,25,34,24,102,21,86
Jonas Brodin,MIN,D,82,4,14,18,30,111,61,135
Kyle Brodziak,EDM,C,70,6,3,9,33,74,92,46
Jonny Brodzinski,SJ,RW,13,2,1,3,2,17,23,7
Troy Brouwer,FLA,RW,75,12,9,21,47,86,177,38
Connor Brown,OTT,RW,82,8,21,29,16,85,35,37
Dustin Brown,LA,RW,72,22,29,51,24,180,150,29
J.T. Brown,MIN,RW,56,3,5,8,29,56,99,16
Josh Brown,FLA,D,37,1,1,2,28,28,80,31
Logan Brown,OTT,C,2,0,0,0,0,2,0,1
Pavel Buchnevich,NYR,LW,64,21,17,38,13,119,60,20
Michael Bunting,ARI,LW,5,1,0,1,2,5,6,1
Andre Burakovsky,COL,LW,76,12,13,25,14,100,35,29
Erik Burgdoerfer,WAS,D,4,0,0,0,2,2,16,0
Brent Burns,SJ,D,82,16,67,83,34,300,90,105
Will Butcher,NJ,D,78,4,26,30,18,108,38,74
Chris Butler,FA,D,13,1,1,2,0,10,17,17
Dustin Byfuglien,WPG,D,42,4,27,31,69,115,77,51
Paul Byron,MON,C,56,15,16,31,17,94,114,36
Drake Caggiula,CHI,LW,55,12,11,23,28,96,135,26
Ryan Callahan,OTT,RW,52,7,10,17,14,76,89,25
Matt Calvert,COL,LW,82,11,15,26,58,141,115,51
Kyle Capobianco,ARI,D,2,0,0,0,0,1,2,2
Paul Carey,BOS,RW,7,0,0,0,0,4,3,3
Brandon Carlo,BOS,D,72,2,8,10,47,116,134,88
John Carlson,WAS,D,80,13,57,70,34,185,54,164
Gabriel Carlsson,CLS,D,1,0,0,0,2,1,0,0
Ryan Carpenter,CHI,C,68,5,13,18,8,102,126,17
Daniel Carr,NSH,LW,6,1,0,1,0,11,9,3
Connor Carrick,NJ,D,34,2,9,11,19,42,25,37
Sam Carrick,ANH,C,6,0,1,1,2,5,15,2
Trevor Carrick,SJ,D,1,0,0,0,5,0,1,1
William Carrier,VGK,LW,54,8,1,9,29,85,277,13
Jeff Carter,LA,C,76,13,20,33,42,174,80,30
Colby Cave,EDM,C,53,3,5,8,16,58,73,18
Cody Ceci,TOR,D,74,7,19,26,18,132,120,142
Peter Cehlarik,BOS,C,20,4,2,6,6,30,5,7
Erik Cernak,TB,D,58,5,11,16,58,107,198,79
Thomas Chabot,OTT,D,70,14,41,55,32,185,71,112
Michael Chaput,ARI,C,32,0,5,5,14,31,53,17
Zdeno Chara,BOS,D,62,5,9,14,57,99,81,88
Rourke Chartier,FA,C,13,1,0,1,2,19,14,3
Jake Chelios,FA,D,5,0,0,0,2,5,7,5
Ben Chiarot,MON,D,78,5,15,20,62,111,171,139
Alex Chiasson,EDM,RW,73,22,16,38,32,123,85,31
Filip Chlapik,OTT,C,5,1,0,1,4,9,1,4
Dennis Cholowski,DET,D,52,7,9,16,16,71,18,50
Jakob Chychrun,ARI,D,53,5,15,20,28,117,74,77
Filip Chytil,NYR,C,75,11,12,23,8,133,29,21
Anthony Cirelli,TB,C,82,19,20,39,34,123,94,49
Casey Cizikas,NYI,C,73,20,13,33,36,111,129,68
Fredrik Claesson,FA,D,37,2,4,6,9,44,76,33
Adam Clendening,CLS,D,4,0,0,0,0,3,1,3
Kyle Clifford,LA,LW,72,11,10,21,96,115,115,24
Connor Clifton,BOS,D,19,0,1,1,15,22,40,13
Cal Clutterbuck,NYI,RW,73,8,15,23,44,95,209,40
Braydon Coburn,TB,D,74,4,19,23,34,113,96,62
Andrew Cogliano,DAL,LW,78,6,11,17,22,106,68,32
Ian Cole,COL,D,71,2,13,15,115,82,107,178
Blake Coleman,NJ,C,78,22,14,36,71,213,225,44
Michael Dal Colle,NYI,LW,28,3,4,7,2,34,10,8
Blake Comeau,DAL,LW,77,7,11,18,42,102,208,40
J.T. Compher,COL,C,66,16,16,32,31,118,33,59
Maxime Comtois,ANH,LW,10,2,5,7,7,9,27,3
Cory Conacher,TB,LW,1,0,0,0,2,1,0,0
Erik Condra,COL,RW,6,1,0,1,2,10,3,1
Kevin Connauton,COL,D,50,1,7,8,22,75,108,75
Brett Connolly,FLA,RW,81,22,24,46,24,139,53,25
Kyle Connor,WPG,LW,82,34,32,66,18,227,9,21
Andrew Copp,WPG,C,69,11,14,25,6,82,71,34
Nick Cousins,MON,C,81,7,20,27,35,144,115,51
Logan Couture,SJ,C,81,27,43,70,22,204,65,52
Sean Couturier,PHI,C,80,33,43,76,34,223,40,60
Charlie Coyle,BOS,RW,81,12,22,34,20,155,77,56
Adam Cracknell,FA,C,2,0,0,0,0,3,6,0
Sidney Crosby,PIT,C,79,35,65,100,36,220,85,43
Lawson Crouse,ARI,LW,81,11,14,25,67,131,288,44
Matt Cullen,FA,C,71,7,13,20,14,87,32,31
Josh Currie,EDM,RW,21,2,3,5,2,19,39,17
Austin Czarnik,CGY,C,54,6,12,18,8,65,10,24
Evgenii Dadonov,FLA,RW,82,28,42,70,8,195,33,42
Rasmus Dahlin,BUF,D,82,9,35,44,34,177,97,66
Carl Dahlstrom,CHI,D,38,0,6,6,6,42,33,35
Trevor Daley,DET,D,44,2,6,8,12,47,14,53
Zac Dalpe,CLS,C,1,0,1,1,0,1,0,0
Phillip Danault,MON,C,81,12,41,53,39,132,95,60
Marko Dano,CLS,C,8,0,0,0,7,3,16,3
Laurent Dauphin,NSH,C,1,0,0,0,0,2,0,1
Brandon Davidson,CGY,D,10,0,1,1,15,7,17,15
Jean-Sebastien Dea,BUF,C,23,4,2,6,8,29,21,12
Anthony DeAngelo,NYR,D,61,4,26,30,77,111,54,82
Alex DeBrincat,CHI,RW,82,41,35,76,15,220,35,26
Jake DeBrusk,BOS,LW,68,27,15,42,18,156,45,24
Danny DeKeyser,DET,D,52,5,15,20,39,59,79,94
Dylan DeMelo,OTT,D,77,4,18,22,32,109,121,130
Jason Demers,ARI,D,35,2,6,8,12,39,50,43
Travis Dermott,TOR,D,64,4,13,17,22,98,100,57
Nicolas Deslauriers,ANH,LW,48,2,3,5,22,48,135,22
Jason Dickinson,DAL,C,67,6,16,22,23,94,106,50
Brenden Dillon,SJ,D,82,1,21,22,61,71,202,78
Christian Djoos,WAS,D,45,1,9,10,4,33,18,28
Max Domi,MON,C,82,28,44,72,80,203,53,39
Ryan Donato,MIN,C,56,10,15,25,6,139,24,21
Matt Donovan,NSH,D,2,0,1,1,2,1,0,3
Joonas Donskoi,COL,RW,80,14,23,37,10,115,36,36
Jake Dotchin,STL,D,20,0,1,1,39,7,54,16
Drew Doughty,LA,D,82,8,37,45,44,154,168,120
Nic Dowd,WAS,C,64,8,14,22,20,47,97,37
Justin Dowling,DAL,C,11,0,1,1,0,9,11,7
Leon Draisaitl,EDM,C,82,50,55,105,52,231,57,26
Sheldon Dries,COL,C,40,3,3,6,26,44,66,20
Jonathan Drouin,MON,C,81,18,35,53,26,190,55,23
Dillon Dube,CGY,C,25,1,4,5,4,22,11,3
Brandon Dubinsky,CLS,C,61,6,8,14,36,63,147,28
Pierre-Luc Dubois,CLS,LW,82,27,34,61,64,174,115,52
Matt Duchene,NSH,C,73,31,39,70,8,172,28,40
Anthony Duclair,OTT,LW,74,19,14,33,14,132,32,33
Mathew Dumba,MIN,D,32,12,10,22,21,93,60,43
Brian Dumoulin,PIT,D,76,3,20,23,20,99,141,129
Vince Dunn,STL,D,78,12,23,35,45,150,48,68
Christian Dvorak,ARI,LW,20,2,5,7,2,25,16,7
Ryan Dzingel,CAR,C,78,26,30,56,29,159,54,38
Cody Eakin,VGK,C,78,22,19,41,16,120,88,35
Patrick Eaves,ANH,RW,7,0,0,0,4,6,14,1
Jordan Eberle,NYI,RW,78,19,18,37,17,160,36,35
Alexander Edler,VAN,D,56,10,24,34,54,128,127,166
Joel Edmundson,STL,D,64,2,9,11,68,102,128,106
Nikolaj Ehlers,WPG,LW,62,21,16,37,15,158,27,16
Christoffer Ehn,DET,C,60,3,6,9,6,49,70,39
Jack Eichel,BUF,C,77,28,54,82,26,303,70,51
Joel Eriksson Ek,MIN,C,58,7,7,14,20,111,117,24
Aaron Ekblad,FLA,D,82,13,24,37,47,180,114,88
Mattias Ekholm,NSH,D,80,8,36,44,47,146,68,107
Oliver Ekman-Larsson,ARI,D,81,14,30,44,52,176,162,52
Remi Elie,BUF,LW,16,0,1,1,2,9,30,3
Lars Eller,WAS,C,81,13,23,36,37,163,69,47
Stefan Elliott,FA,D,3,0,1,1,0,3,2,1
Ryan Ellis,NSH,D,82,7,34,41,20,149,71,154
Deryk Engelland,VGK,D,74,2,10,12,18,105,165,152
Andreas Englund,OTT,D,3,0,0,0,10,2,5,2
Tyler Ennis,OTT,LW,51,12,6,18,2,81,49,14
Jonathan Ericsson,DET,D,52,3,2,5,35,48,98,56
Loui Eriksson,VAN,RW,81,11,18,29,22,107,3,28
Adam Erne,DET,LW,65,7,13,20,40,70,159,26
Robby Fabbri,STL,LW,32,2,4,6,6,43,30,8
Dante Fabbro,NSH,D,4,1,0,1,0,5,3,6
Radek Faksa,DAL,C,81,15,15,30,54,114,103,65
Justin Falk,FA,D,10,0,0,0,11,7,36,9
Oscar Fantenberg,VAN,D,61,2,2,4,17,70,91,74
Jesper Fast,NYR,RW,66,8,12,20,26,80,120,47
Justin Faulk,CAR,D,82,11,24,35,47,217,156,121
Taylor Fedun,DAL,D,54,4,7,11,14,86,19,58
Eric Fehr,FA,RW,72,7,8,15,30,67,40,48
Micheal Ferland,VAN,LW,71,17,23,40,58,156,182,19
Kevin Fiala,MIN,LW,83,13,26,39,36,174,42,20
Valtteri Filppula,DET,C,72,17,14,31,16,78,12,34
Christian Fischer,ARI,RW,71,11,7,18,27,116,124,19
Haydn Fleury,CAR,D,20,0,1,1,2,17,25,21
Warren Foegele,CAR,LW,77,10,5,15,20,106,126,19
Steven Fogarty,NYR,C,10,0,0,0,0,9,6,3
Marcus Foligno,MIN,LW,82,7,12,19,55,91,206,43
Nick Foligno,CLS,LW,73,17,18,35,44,141,175,51
Christian Folin,MON,D,45,0,6,6,27,47,125,78
Derek Forbort,LA,D,81,2,12,14,52,75,105,139
Alex Formenton,OTT,LW,9,1,0,1,6,16,11,7
Jakob Forsbacka-Karlsson,BOS,C,28,3,6,9,2,21,14,9
Filip Forsberg,NSH,RW,64,28,22,50,26,217,100,29
Gustav Forsling,CAR,D,43,3,6,9,30,57,38,38
Alexandre Fortin,CHI,C,24,3,3,6,2,29,21,7
Cam Fowler,ANH,D,59,5,18,23,20,88,32,91
Trent Frederic,BOS,C,15,0,0,0,15,19,18,3
Mark Friedman,PHI,D,1,0,0,0,0,1,1,0
Tanner Fritz,NYI,LW,8,0,1,1,2,6,18,6
Martin Frk,LA,RW,30,1,5,6,4,28,35,4
Michael Frolik,CGY,LW,65,16,18,34,26,132,57,22
Kurtis Gabriel,PHI,RW,22,2,2,4,59,7,78,8
Sam Gagner,EDM,C,32,6,7,13,14,68,21,7
Alex Galchenyuk,PIT,RW,72,19,22,41,34,159,62,34
Brendan Gallagher,MON,RW,82,33,19,52,49,302,126,31
Joseph Gambardella,EDM,C,15,0,3,3,2,7,14,5
Dylan Gambrell,SJ,C,8,0,0,0,2,6,13,1
Jake Gardiner,CAR,D,62,3,27,30,26,78,61,64
Conor Garland,ARI,RW,47,13,5,18,12,118,33,17
Jason Garrison,FA,D,17,1,0,1,8,16,13,23
Adam Gaudette,VAN,C,56,5,7,12,18,55,48,15
Frederick Gaudreau,NSH,C,55,3,1,4,2,43,25,18
Johnny Gaudreau,CGY,LW,82,36,63,99,24,245,12,12
Brendan Gaunce,BOS,C,3,1,2,3,0,2,4,0
Cameron Gaunce,TB,D,2,0,0,0,7,2,4,1
Frederik Gauthier,TOR,C,70,3,11,14,12,46,98,28
Tim Gettinger,NYR,LW,4,0,0,0,0,2,15,3
Ryan Getzlaf,ANH,C,67,14,34,48,58,133,150,74
Brian Gibbons,CAR,C,64,8,11,19,20,50,40,29
Brandon Gignac,NJ,C,1,0,0,0,0,1,0,1
Dennis Gilbert,CHI,D,1,0,0,0,2,0,6,1
John Gilmour,BUF,D,5,0,0,0,4,9,3,13
Stephen Gionta,FA,C,5,0,0,0,0,4,14,2
Mark Giordano,CGY,D,78,17,57,74,69,221,58,144
Samuel Girard,COL,D,82,4,23,27,6,116,65,90
Dan Girardi,FA,D,62,4,12,16,12,75,151,108
Zemgus Girgensons,BUF,C,72,5,13,18,17,78,144,29
Claude Giroux,PHI,C,82,22,63,85,24,229,28,19
Phil Di Giuseppe,NYR,LW,24,1,3,4,8,31,54,9
Benjamin Gleason,DAL,D,4,0,1,1,0,2,2,1
Luke Glendening,DET,RW,78,10,13,23,15,102,198,102
Nikolay Goldobin,VAN,RW,63,7,20,27,18,105,15,21
Alex Goligoski,ARI,D,76,3,24,27,16,102,79,154
Cody Goloubef,OTT,D,5,0,0,0,2,3,13,5
Barclay Goodrow,SJ,LW,82,7,10,17,76,84,125,68
Shayne Gostisbehere,PHI,D,78,9,28,37,22,180,46,102
Tyrell Goulbourne,VGK,LW,2,0,0,0,0,3,6,0
Yanni Gourde,TB,LW,80,22,26,48,66,130,83,30
Michael Grabner,ARI,RW,41,9,7,16,8,65,28,15
Markus Granlund,EDM,C,77,12,10,22,20,123,46,24
Mikael Granlund,NSH,C,79,16,38,54,24,189,46,40
Derek Grant,ANH,C,56,4,10,14,14,74,92,29
Kevin Gravel,TOR,D,36,0,3,3,4,44,31,53
Ryan Graves,COL,D,26,3,2,5,2,26,32,51
Anthony Greco,FLA,C,1,0,0,0,0,2,0,0
Mike Green,DET,D,43,5,21,26,28,92,60,56
Andy Greene,NJ,D,82,5,20,25,16,104,67,208
Jordan Greenway,MIN,LW,81,12,12,24,29,109,57,40
A.J. Greer,COL,LW,15,1,1,2,14,9,20,5
Rocco Grimaldi,NSH,C,53,5,8,13,10,81,32,20
Carl Grundstrom,LA,LW,15,5,1,6,6,26,38,3
Eric Gryba,FA,D,10,0,0,0,10,11,21,16
Matt Grzelcyk,BOS,D,66,3,15,18,68,90,46,60
Radko Gudas,WAS,D,77,4,16,20,63,136,255,133
Erik Gudbranson,PIT,D,76,2,8,10,87,94,184,84
Jake Guentzel,PIT,LW,82,40,36,76,26,227,105,47
Brendan Guhle,ANH,D,8,0,1,1,4,15,9,7
Carl Gunnarsson,STL,D,25,3,4,7,6,21,11,35
Denis Gurianov,DAL,RW,21,1,3,4,0,23,23,9
Erik Gustafsson,CHI,D,79,17,43,60,34,160,100,115
Calvin de Haan,CHI,D,74,1,13,14,20,102,187,106
Carl Hagelin,WAS,LW,58,5,14,19,30,99,64,20
Robert Hagg,PHI,D,82,5,15,20,63,86,258,158
Ron Hainsey,OTT,D,81,5,18,23,21,81,91,144
Libor Hajek,NYR,D,5,1,0,1,6,10,5,3
Micheal Haley,FA,RW,43,2,4,6,75,34,76,16
Taylor Hall,NJ,LW,33,11,26,37,16,113,22,29
Dan Hamhuis,NSH,D,57,0,5,5,28,39,38,61
Dougie Hamilton,CAR,D,82,18,21,39,54,259,160,91
Travis Hamonic,CGY,D,69,7,12,19,33,128,44,167
Noah Hanifin,CGY,D,80,5,28,33,12,116,87,83
Joel Hanley,DAL,D,16,0,0,0,2,9,16,16
Markus Hannikainen,CLS,RW,44,4,3,7,2,52,63,8
Martin Hanzal,DAL,C,7,1,1,2,4,14,14,4
Ben Harpur,TOR,D,51,1,4,5,56,50,89,69
Scott Harrington,CLS,D,73,2,15,17,23,54,73,81
Ryan Hartman,MIN,RW,83,12,14,26,74,145,107,39
Garnet Hathaway,WAS,RW,76,11,8,19,56,77,200,36
Erik Haula,CAR,C,15,2,5,7,10,26,11,6
Jayce Hawryluk,FLA,C,42,7,5,12,16,35,101,25
John Hayden,NJ,C,54,3,2,5,27,42,97,23
Kevin Hayes,PHI,C,71,19,36,55,12,156,58,15
Dillon Heatherington,DAL,D,5,0,1,1,0,5,6,2
Victor Hedman,TB,D,70,12,42,54,44,182,59,97
Tim Heed,SJ,D,37,2,11,13,10,41,16,31
Danton Heinen,BOS,C,77,11,23,34,16,114,54,36
Miro Heiskanen,DAL,D,82,12,21,33,16,182,34,71
Darren Helm,DET,C,61,7,10,17,20,107,50,26
Matt Hendricks,FA,LW,26,0,3,3,19,23,40,8
Adam Henrique,ANH,C,82,18,24,42,24,122,78,71
Tomas Hertl,SJ,LW,77,35,39,74,18,176,53,64
Joe Hicketts,DET,D,11,0,0,0,0,16,17,27
Thomas Hickey,NYI,D,40,0,4,4,33,47,40,71
Vinnie Hinostroza,ARI,C,72,16,23,39,14,152,69,41
Roope Hintz,DAL,LW,58,9,13,22,24,99,87,36
Taro Hirose,DET,LW,10,1,6,7,2,15,1,9
Nico Hischier,NJ,C,69,17,30,47,24,160,53,44
Niklas Hjalmarsson,ARI,D,82,0,10,10,44,57,45,187
Josh Ho-Sang,NYI,RW,10,1,1,2,6,10,0,3
Mike Hoffman,FLA,LW,82,36,34,70,30,253,42,26
Nick Holden,VGK,D,61,3,12,15,14,77,104,76
Justin Holl,TOR,D,11,0,1,1,2,6,9,5
Korbinian Holzer,ANH,D,22,1,3,4,8,15,61,38
Julius Honka,DAL,D,29,0,4,4,10,38,16,31
Patric Hornqvist,PIT,RW,69,18,19,37,26,197,150,34
Bo Horvat,VAN,C,82,27,34,61,33,227,62,63
Brett Howden,NYR,C,66,6,17,23,14,74,64,47
Filip Hronek,DET,D,46,5,18,23,30,73,66,32
Jonathan Huberdeau,FLA,LW,82,30,62,92,40,226,57,45
Charles Hudon,MON,LW,32,3,2,5,16,50,73,9
Quinn Hughes,VAN,D,5,0,3,3,2,6,1,1
Brad Hunt,MIN,D,42,5,7,12,8,75,18,28
Dryden Hunt,FLA,LW,31,3,7,10,8,53,65,9
Matt Hunwick,BUF,D,14,0,2,2,4,10,6,9
Ben Hutton,FA,D,69,5,15,20,43,114,55,102
Tomas Hyka,FA,RW,17,1,3,4,2,22,6,5
Zach Hyman,TOR,RW,71,21,20,41,65,144,102,39
Alex Iafallo,LA,C,82,15,18,33,22,148,87,54
Matt Irwin,NSH,D,44,1,6,7,38,50,80,37
Joshua Jacobs,NJ,D,1,0,0,0,0,1,2,1
Mark Jankowski,CGY,C,79,14,18,32,12,99,30,56
Mattias Janmark,DAL,C,81,6,19,25,24,105,28,44
Calle Jarnkrok,NSH,C,79,10,16,26,12,106,56,22
Christian Jaros,OTT,D,61,1,9,10,27,65,110,82
Dmitrij Jaskin,FA,RW,37,2,6,8,6,48,87,14
Boone Jenner,CLS,LW,77,16,22,38,42,170,158,70
Nick Jensen,WAS,D,80,2,18,20,21,94,82,105
Jakub Jerabek,FA,D,1,0,0,0,2,1,0,1
Ryan Johansen,NSH,C,80,14,50,64,42,136,95,23
Marcus Johansson,BUF,LW,58,13,17,30,8,115,28,24
Adam Johnson,PIT,C,6,0,2,2,0,3,11,3
Erik Johnson,COL,D,80,7,18,25,38,144,124,143
Jack Johnson,PIT,D,82,1,12,13,41,86,233,147
Luke Johnson,MIN,C,15,0,1,1,8,19,31,9
Tyler Johnson,TB,C,80,29,18,47,28,163,50,32
Andreas Johnsson,TOR,LW,73,20,23,43,32,130,60,36
Ross Johnston,NYI,LW,17,1,3,4,23,12,43,1
Henri Jokiharju,BUF,D,38,0,12,12,16,62,48,37
Caleb Jones,EDM,D,17,1,5,6,6,21,20,18
Max Jones,ANH,LW,30,2,3,5,14,58,30,5
Seth Jones,CLS,D,75,9,37,46,28,184,106,133
Mathieu Joseph,TB,RW,70,13,13,26,26,95,129,14
Roman Josi,NSH,D,82,15,41,56,42,274,53,144
Tyson Jost,COL,C,70,11,15,26,14,114,48,35
Noah Juulsen,MON,D,21,1,4,5,6,22,60,39
Nazem Kadri,COL,C,73,16,28,44,43,184,85,13
Dominik Kahun,PIT,C,82,13,24,37,6,137,13,27
Vladislav Kamenev,COL,C,23,2,3,5,10,22,20,4
David Kampf,CHI,RW,63,4,15,19,14,72,39,30
Steve Kampfer,BOS,D,35,3,3,6,22,40,44,32
Evander Kane,SJ,LW,75,30,26,56,153,268,173,25
Patrick Kane,CHI,RW,81,44,66,110,22,341,21,18
Kasperi Kapanen,TOR,RW,78,20,24,44,27,174,92,19
Erik Karlsson,SJ,D,53,3,42,45,22,169,44,69
Melker Karlsson,SJ,C,79,12,4,16,26,79,67,39
William Karlsson,VGK,C,82,24,32,56,16,169,51,55
Ondrej Kase,ANH,RW,30,11,9,20,2,94,17,11
Zack Kassian,EDM,RW,79,15,11,26,102,111,191,15
Brady Keeper,FLA,D,1,0,0,0,0,1,2,1
Duncan Keith,CHI,D,82,6,34,40,70,141,42,144
Clayton Keller,ARI,C,82,14,33,47,24,200,16,21
Adrian Kempe,LA,C,81,12,16,28,50,118,86,21
Mario Kempe,LA,LW,52,4,5,9,18,57,105,30
Michal Kempny,WAS,D,71,6,19,25,60,111,84,135
Alex Kerfoot,TOR,C,78,15,27,42,38,116,22,29
Ryan Kesler,ANH,C,60,5,3,8,44,86,93,56
Phil Kessel,ARI,RW,82,27,55,82,28,215,12,18
Jujhar Khaira,EDM,C,60,3,15,18,43,64,123,33
Alex Killorn,TB,C,82,18,22,40,45,153,88,23
Bogdan Kiselevich,FA,D,32,0,8,8,12,14,49,21
Oscar Klefbom,EDM,D,61,5,23,28,16,167,44,102
John Klingberg,DAL,D,64,10,35,45,12,153,42,77
Justin Kloos,ANH,C,1,0,0,0,0,2,2,0
Corban Knight,FA,C,23,1,3,4,0,15,9,13
Slater Koekkoek,CHI,D,31,2,4,6,14,36,54,48
Mikko Koivu,MIN,C,48,8,21,29,22,89,13,32
Leo Komarov,NYI,LW,82,6,20,26,42,78,203,38
Travis Konecny,PHI,C,82,24,25,49,40,182,65,45
Anze Kopitar,LA,C,81,22,38,60,30,156,59,66
Kalle Kossila,TOR,C,8,1,0,1,4,11,5,3
Jesperi Kotkaniemi,MON,C,79,11,23,34,26,134,66,41
Ilya Kovalchuk,LA,RW,64,16,18,34,10,141,28,19
Chris Kreider,NYR,LW,79,28,24,52,57,201,159,49
David Krejci,BOS,C,81,20,53,73,16,139,28,24
Niklas Kronwall,FA,D,79,3,24,27,40,71,84,96
Torey Krug,BOS,D,64,6,47,53,33,151,53,60
Marcus Kruger,FA,C,74,4,8,12,30,74,51,34
Nikita Kucherov,TB,RW,82,41,87,128,62,246,44,31
Ryan Kuffner,DET,LW,10,0,0,0,0,8,4,5
Karson Kuhlman,BOS,C,11,3,2,5,2,15,6,4
Tom Kuhnhackl,NYI,RW,36,4,5,9,10,30,48,41
Dean Kukan,CLS,D,25,0,5,5,6,16,16,21
Brett Kulak,MON,D,57,6,11,17,31,102,107,64
Dmitry Kulikov,WPG,D,57,0,6,6,47,40,88,71
Luke Kunin,MIN,C,49,6,11,17,27,88,67,34
Chris Kunitz,FA,LW,56,5,5,10,23,44,85,15
Janne Kuokkanen,CAR,LW,7,0,0,0,4,6,0,3
Sean Kuraly,BOS,C,71,8,13,21,38,134,129,35
Evgeny Kuznetsov,WAS,C,76,21,51,72,50,193,46,20
Oliver Kylington,CGY,D,38,3,5,8,10,21,11,41
Jordan Kyrou,STL,RW,16,1,2,3,4,16,2,3
Joel L'Esperance,DAL,C,18,2,0,2,6,24,22,4
Kevin Labanc,SJ,RW,82,17,39,56,36,130,66,16
Andrew Ladd,NYI,LW,26,3,8,11,16,34,37,8
Paul LaDue,LA,D,33,2,3,5,12,33,51,25
Patrik Laine,WPG,RW,82,30,20,50,42,245,70,44
Max Lajoie,OTT,D,56,7,8,15,20,79,34,82
Juho Lammikko,FA,RW,40,0,6,6,6,39,45,21
Gabriel Landeskog,COL,LW,73,34,41,75,51,243,120,64
Nick Lappin,STL,RW,11,0,0,0,0,11,16,3
Dylan Larkin,DET,C,76,32,41,73,75,287,80,38
Adam Larsson,EDM,D,82,3,17,20,44,117,256,128
Jacob Larsson,ANH,D,49,0,5,5,16,57,41,59
Johan Larsson,BUF,C,73,6,8,14,37,79,112,44
Brian Lashoff,DET,D,4,0,1,1,2,2,3,4
Scott Laughton,PHI,C,82,12,20,32,53,130,146,46
Jeremy Lauzon,BOS,D,16,1,0,1,2,11,15,15
Curtis Lazar,BUF,C,1,0,0,0,0,0,0,1
Nick Leddy,NYI,D,82,4,22,26,18,116,77,89
Anders Lee,NYI,C,82,28,23,51,58,204,103,51
Artturi Lehkonen,MON,LW,82,11,20,31,32,176,120,39
Jori Lehtera,FA,C,27,1,2,3,33,17,29,7
Brendan Leipsic,WAS,LW,62,7,16,23,24,92,56,28
Josh Leivo,VAN,LW,76,14,10,24,32,151,44,23
Brendan Lemieux,NYR,LW,63,12,5,17,108,67,129,31
Chase De Leo,ANH,C,1,0,0,0,0,4,1,0
Kris Letang,PIT,D,65,16,40,56,48,206,116,111
Mark Letestu,WPG,C,2,0,0,0,0,1,3,0
Vinni Lettieri,NYR,C,27,1,2,3,14,40,41,11
Tyler Lewington,WAS,D,2,1,1,2,7,3,4,1
Trevor Lewis,LA,C,44,3,9,12,9,87,53,25
Oscar Lindberg,FA,C,55,9,11,20,28,91,104,27
Oskar Lindblom,PHI,LW,81,17,16,33,20,162,68,52
Esa Lindell,DAL,D,82,11,21,32,33,132,143,161
Ryan Lindgren,NYR,D,5,0,0,0,8,8,11,9
Anton Lindholm,COL,D,2,0,0,0,0,0,1,1
Elias Lindholm,CGY,RW,81,27,51,78,20,182,82,39
Hampus Lindholm,ANH,D,76,6,22,28,44,125,81,133
Par Lindholm,BOS,C,65,1,12,13,18,65,58,55
Bryan Little,WPG,C,82,15,26,41,26,126,62,29
Blake Lizotte,LA,LW,1,0,0,0,0,1,0,1
Ryan Lomberg,CGY,LW,4,0,0,0,17,1,12,0
Ben Lovejoy,FA,D,71,2,7,9,37,95,76,118
Adam Lowry,WPG,LW,78,12,11,23,33,105,223,49
Milan Lucic,CGY,LW,79,6,14,20,91,74,259,22
Matt Luff,LA,RW,33,8,3,11,9,45,17,19
Isac Lundestrom,ANH,LW,15,0,2,2,2,13,4,5
Ilya Lyubushkin,ARI,D,41,0,4,4,13,27,150,61
Olli Maatta,CHI,D,60,1,13,14,12,74,97,116
Kurtis MacDermid,LA,D,11,0,1,1,11,5,26,4
Andrew MacDonald,CGY,D,47,0,9,9,18,41,30,95
Jacob MacDonald,COL,D,2,1,0,1,0,1,1,1
Mackenzie MacEachern,STL,LW,29,3,2,5,10,33,49,4
Zach MacEwen,VAN,C,4,0,1,1,5,2,4,1
Derek MacKenzie,FA,C,1,0,0,0,0,0,0,0
Nathan MacKinnon,COL,C,82,41,58,99,34,365,54,31
Saku Maenalanen,CAR,LW,34,4,4,8,20,36,45,10
Josh Mahura,ANH,D,17,1,4,5,4,20,6,18
Denis Malgin,FLA,C,50,7,9,16,14,66,40,21
Evgeni Malkin,PIT,C,68,21,51,72,89,187,54,33
Brad Malone,EDM,C,16,0,0,0,4,13,35,5
Maxim Mamin,FA,LW,7,0,0,0,5,8,10,1
Andrew Mangiapane,CGY,LW,44,8,5,13,12,65,43,17
Brandon Manning,EDM,D,39,2,2,4,25,33,63,40
Josh Manson,ANH,D,74,3,13,16,62,96,184,90
Anthony Mantha,DET,RW,67,25,23,48,30,198,67,23
Brad Marchand,BOS,LW,79,36,64,100,96,231,46,19
Jonathan Marchessault,VGK,LW,82,25,34,59,52,278,98,22
Martin Marincin,TOR,D,24,1,4,5,12,34,21,21
Patrick Marleau,FA,LW,82,16,21,37,28,161,74,41
Mitch Marner,TOR,C,82,26,68,94,22,233,29,43
Cooper Marody,EDM,C,6,0,0,0,0,6,0,0
Patrick Maroon,TB,LW,74,10,18,28,64,118,135,7
Danick Martel,TB,C,9,0,2,2,8,16,12,1
Matt Martin,NYI,LW,67,6,8,14,53,62,275,42
Alec Martinez,LA,D,60,4,14,18,8,78,78,135
Jordan Martinook,CAR,LW,82,15,10,25,38,146,199,46
Andreas Martinsen,ANH,LW,24,1,3,4,14,21,83,9
Mike Matheson,FLA,D,75,8,19,27,44,129,63,132
Auston Matthews,TOR,C,68,37,36,73,12,251,28,60
Scott Mayfield,NYI,D,79,4,15,19,68,104,118,159
Charlie McAvoy,BOS,D,54,7,21,28,45,79,92,91
Jake McCabe,BUF,D,59,4,10,14,35,64,103,99
Jared McCann,PIT,C,78,19,16,35,31,150,77,51
Max McCormick,CAR,LW,14,1,0,1,4,12,21,6
Ian McCoshen,FLA,D,19,1,1,2,8,15,41,13
Connor McDavid,EDM,C,78,41,75,116,20,240,39,30
Ryan McDonagh,TB,D,82,9,37,46,34,128,98,161
Brock McGinn,CAR,LW,82,10,16,26,20,123,137,38
Jamie McGinn,FA,LW,19,4,3,7,6,23,34,3
Dylan McIlrath,DET,D,7,0,0,0,4,6,19,7
Greg McKegg,NYR,C,41,6,5,11,8,27,30,18
Cody McLeod,FA,LW,38,1,0,1,67,22,112,10
Michael McLeod,NJ,C,21,0,3,3,13,21,41,4
Brayden McNabb,VGK,D,81,4,12,16,52,84,200,139
Adam McQuaid,FA,D,50,3,4,7,42,28,122,88
Wade Megan,FA,C,11,0,1,1,2,16,4,4
Jaycob Megna,VGK,D,28,1,3,4,12,31,32,29
Timo Meier,SJ,LW,78,30,36,66,55,250,99,40
Dakota Mermis,NJ,D,1,0,0,0,0,0,0,0
Jon Merrill,VGK,D,57,3,12,15,53,72,71,72
Victor Mete,MON,D,71,0,13,13,6,65,21,95
Marc Methot,FA,D,9,0,0,0,6,3,15,10
Jacob Middleton,SJ,D,3,0,1,1,2,0,1,2
Sonny Milano,CLS,LW,8,1,0,1,0,5,5,0
Colin Miller,BUF,D,65,3,26,29,44,131,122,64
J.T. Miller,VAN,C,75,13,34,47,30,108,115,23
Kevan Miller,BOS,D,39,0,7,7,35,32,73,79
Casey Mittelstadt,BUF,C,77,12,13,25,10,118,30,16
Sean Monahan,CGY,C,78,34,48,82,12,211,36,24
Brandon Montour,BUF,D,82,8,27,35,56,181,99,121
John Moore,BOS,D,61,4,9,13,26,97,77,76
Trevor Moore,TOR,LW,25,2,6,8,2,26,15,7
Samuel Morin,PHI,D,5,0,0,0,4,5,9,7
Josh Morrissey,WPG,D,59,6,25,31,14,95,55,107
Joe Morrow,FA,D,41,1,6,7,20,40,37,37
Tyler Motte,VAN,C,74,9,7,16,10,114,200,52
Mirco Mueller,NJ,D,53,1,10,11,17,39,75,61
Connor Murphy,CHI,D,52,5,8,13,40,84,119,91
Ryan Murphy,FA,D,3,0,1,1,0,1,1,3
Ryan Murray,CLS,D,56,1,28,29,10,71,27,93
Jake Muzzin,TOR,D,80,9,28,37,47,141,172,134
Philippe Myers,PHI,D,21,1,1,2,2,25,42,8
Tyler Myers,VAN,D,80,9,22,31,63,156,97,99
Vladislav Namestnikov,NYR,C,78,11,20,31,44,119,140,62
Riley Nash,CLS,C,78,3,9,12,19,79,72,43
James Neal,EDM,RW,63,7,12,19,28,141,46,19
Martin Necas,CAR,C,7,1,1,2,2,6,3,2
Brock Nelson,NYI,C,82,25,28,53,28,181,51,55
Casey Nelson,BUF,D,38,1,5,6,13,37,44,36
Patrik Nemeth,DET,D,74,1,9,10,53,57,137,131
Valeri Nichushkin,COL,LW,57,0,10,10,0,65,71,32
Nino Niederreiter,CAR,RW,82,23,30,53,30,184,94,20
Frans Nielsen,DET,C,72,10,25,35,14,120,79,44
Matt Nieto,COL,LW,64,4,19,23,8,86,50,26
Boo Nieves,NYR,C,43,4,6,10,8,34,33,18
Sami Niku,WPG,D,30,1,3,4,2,19,10,30
Jacob Nilsson,CHI,C,2,0,0,0,0,0,1,1
Matt Niskanen,PHI,D,80,8,17,25,41,143,167,137
Stefan Noesen,DAL,C,41,3,5,8,28,64,95,21
Nelson Nogier,WPG,D,1,0,0,0,0,1,0,1
Jordan Nolan,STL,RW,14,0,2,2,14,17,22,4
Joakim Nordstrom,BOS,C,70,7,5,12,13,103,86,52
Tomas Nosek,VGK,LW,68,8,9,17,18,116,75,23
Ryan Nugent-Hopkins,EDM,LW,82,28,41,69,26,208,69,40
Darnell Nurse,EDM,D,82,10,31,41,87,196,162,146
Markus Nutivaara,CLS,D,80,5,16,21,6,99,80,61
Alexander Nylander,CHI,RW,12,2,2,4,4,16,1,1
William Nylander,TOR,C,54,7,20,27,16,130,16,14
Gustav Nyquist,CLS,RW,81,22,38,60,12,204,36,23
Logan O'Connor,COL,C,5,0,0,0,0,1,4,1
Danny O'Regan,NYR,C,1,0,0,0,0,2,0,0
Ryan O'Reilly,STL,C,82,28,49,77,12,234,31,36
Jordan Oesterle,ARI,D,71,6,14,20,12,77,58,139
Kyle Okposo,BUF,RW,78,14,15,29,41,147,87,27
Jamie Oleksiak,DAL,D,57,4,8,12,45,55,135,59
Victor Olofsson,BUF,RW,6,2,2,4,2,21,2,3
Dmitry Orlov,WAS,D,82,3,26,29,33,101,137,103
Brooks Orpik,FA,D,53,2,7,9,32,43,131,78
T.J. Oshie,WAS,RW,69,25,29,54,36,143,133,55
Xavier Ouellet,MON,D,19,0,3,3,13,32,32,30
Alex Ovechkin,WAS,LW,81,51,38,89,40,338,223,41
Igor Ozhiganov,FA,D,53,3,4,7,14,43,57,48
Magnus Paajarvi,FA,LW,80,11,8,19,6,119,65,67
Max Pacioretty,VGK,LW,66,22,18,40,36,191,119,20
Jean-Gabriel Pageau,OTT,C,39,4,8,12,14,83,63,38
Ondrej Palat,TB,LW,64,8,26,34,20,100,104,34
Kyle Palmieri,NJ,RW,74,27,23,50,42,224,98,35
Artemi Panarin,NYR,LW,79,28,59,87,23,191,14,17
Richard Panik,WAS,RW,75,14,19,33,44,140,137,52
Cedric Paquette,TB,C,80,13,4,17,80,87,269,61
Colton Parayko,STL,D,80,10,18,28,15,176,127,157
Zach Parise,MIN,LW,74,28,33,61,26,229,49,71
David Pastrnak,BOS,RW,66,38,43,81,32,235,57,25
Greg Pateryn,MIN,D,80,1,6,7,41,100,144,118
Nolan Patrick,PHI,C,72,13,18,31,27,115,72,26
Nick Paul,OTT,LW,20,1,1,2,4,30,28,4
Joe Pavelski,DAL,C,75,38,26,64,22,188,69,61
Tanner Pearson,VAN,LW,80,18,9,27,25,147,128,41
Matthew Peca,MON,C,39,3,7,10,4,35,33,21
Adam Pelech,NYI,D,78,5,16,21,24,110,149,116
Anthony Peluso,EDM,RW,4,0,0,0,7,1,4,0
Brendan Perlini,CHI,LW,68,14,7,21,28,117,51,22
Mathieu Perreault,WPG,C,82,15,15,30,44,95,127,25
David Perron,STL,RW,57,23,23,46,46,112,52,13
Corey Perry,DAL,RW,31,6,4,10,27,59,21,14
Brett Pesce,CAR,D,73,7,22,29,24,98,53,131
Nicolas Petan,TOR,C,18,1,2,3,2,15,2,4
Alex Petrovic,BOS,D,35,0,2,2,26,47,116,53
Jeff Petry,MON,D,82,13,33,46,28,172,190,123
Elias Pettersson,VAN,C,71,28,38,66,12,144,42,51
Marcus Pettersson,PIT,D,84,2,23,25,66,87,101,108
Dion Phaneuf,FA,D,67,1,5,6,53,80,128,79
Blake Pietila,ANH,LW,19,0,1,1,6,22,36,8
Alex Pietrangelo,STL,D,71,13,28,41,22,168,62,139
Lawrence Pilut,BUF,D,33,1,5,6,20,37,20,33
Neal Pionk,WPG,D,73,6,20,26,35,132,138,98
Brandon Pirri,VGK,C,31,12,6,18,6,82,29,13
Rem Pitlick,NSH,C,1,0,0,0,2,0,0,0
Tyler Pitlick,PHI,C,47,8,4,12,6,75,93,27
Tomas Plekanec,FA,C,3,1,0,1,0,8,1,1
Ryan Poehling,MON,C,1,3,0,3,0,3,1,0
Brayden Point,TB,C,79,41,51,92,28,191,31,43
Roman Polak,DAL,D,77,1,8,9,69,77,191,152
Jason Pominville,FA,RW,73,16,15,31,4,134,18,20
Derrick Pouliot,STL,D,62,3,9,12,30,58,76,71
Nate Prosser,PHI,D,15,0,0,0,2,10,17,13
Dalton Prout,SJ,D,20,1,1,2,8,14,36,20
Ivan Provorov,PHI,D,82,7,19,26,32,145,123,149
Matt Puempel,DET,LW,8,1,0,1,2,10,4,5
Jesse Puljujarvi,FA,RW,46,4,5,9,16,53,46,26
Ryan Pulock,NYI,D,82,9,28,37,22,180,143,148
Tom Pyatt,FA,C,37,0,2,2,2,29,15,46
Mark Pysyk,FLA,D,70,1,10,11,26,64,133,89
John Quenneville,CHI,C,19,1,0,1,4,16,21,7
Alan Quine,CGY,C,13,3,2,5,6,11,14,2
Lukas Radil,SJ,LW,36,7,4,11,6,40,29,9
Alexander Radulov,DAL,RW,70,29,43,72,54,209,60,83
Brogan Rafferty,VAN,D,2,0,0,0,0,3,0,2
Michael Raffl,PHI,LW,67,6,12,18,32,65,96,29
Rickard Rakell,ANH,C,69,18,25,43,27,194,82,38
Mikko Rantanen,COL,RW,74,31,56,87,54,193,59,41
Victor Rask,MIN,C,49,3,6,9,8,55,40,12
Michael Rasmussen,DET,C,62,8,10,18,29,74,84,28
Ty Rattie,FA,RW,50,4,7,11,4,84,57,7
Kyle Rau,MIN,C,6,0,1,1,0,6,11,2
Matt Read,TOR,RW,12,1,0,1,2,13,11,8
Ryan Reaves,VGK,RW,80,9,11,20,74,95,305,24
Mike Reilly,MON,D,57,3,8,11,16,101,48,53
Sam Reinhart,BUF,C,82,22,43,65,16,180,38,47
Sheldon Rempal,LA,LW,7,0,0,0,0,3,0,1
Anthony Richard,NSH,C,1,0,0,0,0,0,0,1
Brad Richardson,ARI,C,66,19,8,27,22,128,63,55
Tobias Rieder,CGY,RW,67,0,11,11,8,92,69,44
Morgan Rielly,TOR,D,82,20,52,72,14,223,61,114
James van Riemsdyk,PHI,LW,66,27,21,48,18,167,34,16
Trevor van Riemsdyk,CAR,D,78,3,11,14,10,102,42,84
Juuso Riikola,PIT,D,37,2,3,5,10,43,86,38
Zac Rinaldo,CGY,C,23,1,2,3,20,11,47,8
Rasmus Ristolainen,BUF,D,78,5,38,43,38,182,235,121
Brett Ritchie,BOS,RW,53,4,2,6,57,57,126,13
Nick Ritchie,ANH,LW,60,9,22,31,82,96,123,31
Eric Robinson,CLS,LW,13,0,0,0,0,18,24,1
Jack Rodewald,OTT,RW,6,0,0,0,0,2,8,3
Evan Rodrigues,BUF,C,74,9,20,29,25,168,33,33
Kevin Rooney,NJ,C,41,6,4,10,15,39,77,22
Jacob De La Rose,DET,C,60,3,6,9,16,55,72,29
Calle Rosen,COL,D,4,1,0,1,0,5,1,2
Jack Roslovic,WPG,RW,77,9,15,24,4,74,32,21
Antoine Roussel,VAN,LW,65,9,22,31,118,84,87,50
Carter Rowney,ANH,C,62,7,13,20,12,53,178,35
Kevin Roy,FLA,C,3,0,0,0,0,2,0,2
Matt Roy,LA,D,25,2,4,6,8,34,38,47
Nicolas Roy,VGK,C,6,0,0,0,2,1,7,1
Chad Ruhwedel,PIT,D,18,1,1,2,4,22,40,16
Kris Russell,EDM,D,72,3,13,16,27,63,93,185
Patrick Russell,EDM,RW,6,0,0,0,2,6,9,2
Bryan Rust,PIT,RW,72,18,17,35,24,141,119,59
Jan Rutta,TB,D,37,2,6,8,16,42,24,30
Bobby Ryan,OTT,RW,78,15,27,42,35,160,77,49
Derek Ryan,CGY,C,81,13,25,38,24,103,19,19
Joakim Ryan,LA,D,44,0,7,7,15,35,43,39
Kerby Rychel,FA,LW,2,0,0,0,0,1,3,1
Brandon Saad,CHI,LW,80,23,24,47,12,195,52,25
Miikka Salomaki,NSH,RW,37,3,4,7,8,51,72,20
Zachary Sanford,STL,LW,60,8,12,20,21,77,48,37
Travis Sanheim,PHI,D,82,9,26,35,22,121,45,133
Steve Santini,NSH,D,39,1,3,4,16,41,80,43
Ashton Sautner,VAN,D,17,0,1,1,2,21,25,17
David Savard,CLS,D,82,8,16,24,36,124,122,123
Luca Sbisa,FA,D,9,0,1,1,4,5,17,7
Marco Scandella,BUF,D,63,6,7,13,26,83,53,75
Colton Sceviour,FLA,RW,59,5,10,15,15,116,89,58
Tim Schaller,VAN,C,47,3,7,10,9,44,66,18
Mark Scheifele,WPG,C,82,38,46,84,38,199,54,54
Brayden Schenn,STL,LW,72,17,37,54,40,159,111,31
Luke Schenn,TB,D,26,0,2,2,16,30,105,39
Nikita Scherbak,FA,RW,8,1,0,1,2,12,9,1
Cameron Schilling,WPG,D,4,0,1,1,0,2,3,5
David Schlemko,FA,D,18,0,2,2,4,29,29,45
Jordan Schmaltz,TOR,D,20,0,2,2,2,11,10,22
Nick Schmaltz,ARI,RW,40,7,18,25,8,62,5,12
Nate Schmidt,VGK,D,61,9,21,30,8,112,37,100
Jimmy Schuldt,VGK,D,1,0,1,1,0,1,0,1
Justin Schultz,PIT,D,29,2,13,15,4,47,25,41
Jaden Schwartz,STL,LW,69,11,25,36,16,183,61,27
Brent Seabrook,CHI,D,78,5,23,28,41,165,124,180
Lukas Sedlak,FA,C,47,4,2,6,10,43,69,20
Nick Seeler,MIN,D,71,2,5,7,64,67,78,116
Tyler Seguin,DAL,C,82,33,47,80,18,334,74,47
Andrej Sekera,DAL,D,24,0,4,4,6,28,17,21
Brett Seney,NJ,LW,51,5,8,13,31,49,48,15
Zachary Senyshyn,BOS,RW,2,1,0,1,0,4,1,0
Mikhail Sergachev,TB,D,75,6,26,32,28,128,97,93
Damon Severson,NJ,D,82,11,28,39,58,146,83,87
Kevin Shattenkirk,TB,D,73,2,26,28,20,148,73,104
Andrew Shaw,CHI,C,63,19,28,47,71,135,128,36
Riley Sheahan,EDM,C,82,9,10,19,17,110,72,44
Conor Sheary,BUF,LW,78,14,20,34,12,147,29,29
Kiefer Sherwood,ANH,LW,50,6,6,12,8,60,79,19
Kole Sherwood,CLS,C,2,0,0,0,0,2,10,1
Devin Shore,ANH,C,76,10,19,29,13,82,94,64
Jonas Siegenthaler,WAS,D,26,0,4,4,10,12,31,44
Dylan Sikura,CHI,LW,33,0,8,8,0,52,3,10
Jakob Silfverberg,ANH,RW,73,24,19,43,28,163,38,43
Radim Simek,SJ,D,41,1,8,9,8,41,67,34
Wayne Simmonds,NJ,RW,79,17,13,30,99,157,137,28
Dominik Simon,PIT,C,71,8,20,28,18,121,89,19
Colton Sissons,NSH,RW,75,15,15,30,23,111,109,52
Jeff Skinner,BUF,LW,82,40,23,63,36,268,31,24
Brady Skjei,NYR,D,78,8,17,25,44,126,178,119
Jaccob Slavin,CAR,D,82,8,23,31,18,146,70,133
Brendan Smith,NYR,D,63,4,9,13,71,66,100,48
C.J. Smith,BUF,LW,11,2,0,2,0,18,4,1
Craig Smith,NSH,RW,76,21,17,38,20,205,77,33
Gemel Smith,TB,C,17,2,1,3,0,14,13,3
Reilly Smith,VGK,RW,74,19,34,53,14,178,39,33
Zack Smith,CHI,C,70,9,19,28,81,101,136,27
Devante Smith-Pelly,CGY,RW,54,4,4,8,15,60,78,36
Vladimir Sobotka,BUF,C,69,5,8,13,26,71,87,30
Carl Soderberg,ARI,C,82,23,26,49,26,188,99,67
Marcus Sorensen,SJ,RW,80,17,13,30,23,100,88,29
Nikita Soshnikov,FA,LW,5,0,0,0,0,1,5,2
Jason Spezza,TOR,C,76,8,19,27,29,121,16,30
Ryan Spooner,FA,C,52,3,6,9,2,67,39,7
Daniel Sprong,ANH,RW,63,14,9,23,10,125,35,14
Jared Spurgeon,MIN,D,82,14,29,43,20,152,91,145
Eric Staal,MIN,C,81,22,30,52,34,215,41,28
Jordan Staal,CAR,C,50,11,17,28,26,121,122,18
Marc Staal,NYR,D,79,3,10,13,32,84,94,119
Drew Stafford,MIN,RW,57,5,8,13,18,77,50,19
Steven Stamkos,TB,C,82,45,53,98,37,234,72,40
Paul Stastny,VGK,C,50,13,29,42,30,103,35,15
Troy Stecher,VAN,D,78,2,21,23,32,105,91,96
Sam Steel,ANH,C,22,6,5,11,8,33,9,6
Alexander Steen,STL,LW,65,10,17,27,14,114,55,50
Lee Stempniak,FA,RW,2,0,0,0,0,0,2,0
Kevin Stenlund,CLS,C,4,0,0,0,4,3,3,1
Derek Stepan,ARI,C,72,15,20,35,14,195,50,51
Chandler Stephenson,WAS,RW,64,5,6,11,0,36,38,33
Riley Stillman,FLA,D,1,0,0,0,2,1,5,0
Mark Stone,VGK,RW,77,33,40,73,27,199,72,71
Michael Stone,FA,D,14,0,5,5,10,12,27,16
Anton Stralman,FLA,D,47,2,15,17,8,57,59,71
Ben Street,NJ,C,21,3,2,5,2,19,19,9
Dylan Strome,CHI,C,78,20,37,57,20,145,13,46
Ryan Strome,NYR,C,81,19,16,35,64,110,76,36
Nico Sturm,MIN,C,2,0,0,0,0,7,3,2
P.K. Subban,NJ,D,63,9,22,31,60,168,56,75
Libor Sulak,FA,D,6,0,0,0,6,7,18,5
Oskar Sundqvist,STL,C,74,14,17,31,22,113,101,31
Antti Suomela,SJ,C,27,3,5,8,4,42,10,11
Andrej Sustr,FA,D,5,0,0,0,6,6,3,7
Ryan Suter,MIN,D,82,7,40,47,41,136,78,109
Brandon Sutter,VAN,C,26,4,2,6,6,43,33,13
Andrei Svechnikov,CAR,RW,82,20,17,37,62,189,123,26
Brandon Tanev,PIT,LW,80,14,15,29,41,127,278,81
Chris Tanev,VAN,D,55,2,10,12,18,51,29,122
Eric Tangradi,FA,LW,6,0,1,1,0,10,11,4
Vladimir Tarasenko,STL,RW,76,33,35,68,22,275,88,40
Tomas Tatar,MON,LW,80,25,33,58,34,195,77,30
John Tavares,TOR,C,82,47,41,88,34,286,59,53
Matt Tennyson,NJ,D,4,0,0,0,0,4,10,2
Teuvo Teravainen,CAR,C,82,21,55,76,12,167,35,23
Troy Terry,ANH,C,32,4,9,13,2,25,4,12
Josh Teves,VAN,D,1,0,0,0,2,0,4,1
Alexandre Texier,CLS,C,2,1,0,1,0,6,2,1
Shea Theodore,VGK,D,79,12,25,37,20,202,27,91
Robert Thomas,STL,C,70,9,24,33,14,80,13,22
Nate Thompson,MON,C,78,5,8,13,17,71,87,44
Tage Thompson,BUF,RW,65,7,5,12,20,108,66,9
Chris Thorburn,FA,RW,1,0,0,0,0,0,1,0
Joe Thornton,SJ,C,73,16,35,51,20,90,17,14
Chris Tierney,OTT,C,81,9,39,48,26,116,30,54
Brady Tkachuk,OTT,LW,71,22,23,45,75,214,174,26
Matthew Tkachuk,CGY,LW,80,34,43,77,62,207,104,13
Devon Toews,NYI,D,48,5,13,18,4,81,24,30
Jonathan Toews,CHI,C,82,35,46,81,40,235,42,44
Tyler Toffoli,LA,RW,82,13,21,34,23,226,39,23
Eeli Tolvanen,NSH,LW,4,1,1,2,0,2,4,2
Dominic Toninato,FLA,LW,2,1,0,1,0,1,0,1
Vincent Trocheck,FLA,C,55,10,24,34,54,158,112,42
Zach Trotman,PIT,D,13,0,1,1,4,16,20,18
Jacob Trouba,NYR,D,82,8,42,50,58,162,112,171
Alex Tuch,VGK,RW,74,20,32,52,8,180,92,40
Dominic Turgeon,DET,C,4,0,0,0,0,2,3,3
Kyle Turris,NSH,C,55,7,16,23,33,78,24,15
Urho Vaakanainen,BOS,D,2,0,0,0,0,2,0,0
Juuso Valimaki,CGY,D,24,1,2,3,12,28,21,43
Thomas Vanek,FA,LW,64,16,20,36,26,108,38,13
Philip Varone,MON,C,47,3,4,7,8,34,23,19
Sami Vatanen,NJ,D,50,4,13,17,22,107,68,77
Frank Vatrano,FLA,LW,81,24,15,39,38,208,139,74
Max Veronneau,OTT,RW,12,2,2,4,0,15,0,5
Kristian Vesalainen,WPG,LW,5,0,1,1,0,1,1,1
Jimmy Vesey,BUF,LW,81,17,18,35,21,154,79,34
Jake Virtanen,VAN,LW,70,15,10,25,44,154,154,37
Marc-Edouard Vlasic,SJ,D,72,3,22,25,10,100,23,114
Jakub Voracek,PHI,LW,78,20,46,66,25,210,17,29
Mikhail Vorobyov,PHI,C,15,1,1,2,2,10,4,4
Jakub Vrana,WAS,RW,82,24,23,47,27,161,47,32
Austin Wagner,LA,LW,62,12,9,21,16,67,142,9
Chris Wagner,BOS,RW,76,12,7,19,51,135,247,38
Nathan Walker,STL,C,3,0,1,1,2,2,5,0
Sean Walker,LA,D,39,3,7,10,8,55,43,40
Lucas Wallmark,CAR,C,81,10,18,28,36,131,82,39
Austin Watson,NSH,LW,37,7,9,16,39,64,109,28
Jordan Weal,MON,C,63,8,13,21,18,75,28,26
Shea Weber,MON,D,58,14,19,33,28,166,129,110
Yannick Weber,NSH,D,62,2,6,8,18,67,64,32
MacKenzie Weegar,FLA,D,64,4,11,15,64,79,127,103
Dale Weise,MON,RW,51,5,6,11,19,58,88,21
Andy Welinski,PHI,D,26,1,3,4,8,32,47,18
Alexander Wennberg,CLS,C,75,2,23,25,12,64,34,32
Zach Werenski,CLS,D,82,11,33,44,18,168,67,89
Blake Wheeler,WPG,RW,82,20,71,91,60,231,81,53
Colin White,OTT,C,71,14,27,41,24,123,23,35
Colton White,NJ,D,3,0,0,0,2,1,2,2
Chris Wideman,ANH,D,25,2,5,7,18,27,35,26
Justin Williams,FA,RW,82,23,30,53,44,237,55,32
Colin Wilson,COL,LW,65,12,15,27,8,104,55,31
Garrett Wilson,TOR,LW,50,2,6,8,18,54,114,16
Scott Wilson,BUF,LW,15,0,3,3,4,25,29,2
Tom Wilson,WAS,RW,63,22,18,40,128,130,200,52
Luke Witkowski,TB,D,34,0,2,2,23,14,67,27
Christian Wolanin,OTT,D,30,4,8,12,6,36,11,31
Miles Wood,NJ,LW,63,10,14,24,91,159,97,27
Egor Yakovlev,FA,D,25,2,5,7,6,24,12,22
Kailer Yamamoto,EDM,LW,17,1,1,2,2,13,18,11
Keith Yandle,FLA,D,82,9,53,62,50,199,47,76
Pavel Zacha,NJ,C,61,13,12,25,15,99,68,24
Filip Zadina,DET,LW,9,1,2,3,0,18,6,3
Nikita Zadorov,COL,D,70,7,7,14,75,100,228,67
Nikita Zaitsev,OTT,D,81,3,11,14,18,71,139,151
Travis Zajac,NJ,C,80,19,27,46,20,120,66,38
Jakub Zboril,BOS,D,2,0,0,0,0,1,3,0
Mika Zibanejad,NYR,C,82,30,44,74,47,236,134,66
Michael Del Zotto,ANH,D,42,1,9,10,8,45,129,53
Mats Zuccarello,MIN,RW,48,12,28,40,24,104,57,43
Jason Zucker,MIN,LW,81,21,21,42,28,214,87,38
Valentin Zykov,VGK,RW,28,2,3,5,2,29,26,6
